<?xml version="1.0" encoding="UTF-8"?>
<!DOCTYPE hibernate-configuration PUBLIC
        "-//Hibernate/Hibernate Configuration DTD 3.0//EN"
        "https://www.hibernate.org/dtd/hibernate-configuration-3.0.dtd">
<hibernate-configuration>
    <session-factory>


        <mapping class="org.gcm.server.entity.City"/>
        <mapping class="org.gcm.server.entity.Poi"/>
        <mapping class="org.gcm.server.entity.AppUser"/>
        <mapping class="org.gcm.server.entity.ModificationRequest"/>
        <mapping class="org.gcm.server.entity.CustomerProfile"/>
        <mapping class="org.gcm.server.entity.PoiCategory"/>
        <mapping class="org.gcm.server.entity.CityMap"/>
        <mapping class="org.gcm.server.entity.Purchase"/>
        <mapping class="org.gcm.server.entity.MapEntity"/>
        <mapping class="org.gcm.server.entity.Tour"/>
        <mapping class="org.gcm.server.entity.TourStop"/> <mapping class="org.gcm.server.entity.Poi"/>

    </session-factory>
</hibernate-configuration>
